epoch,batch,global_step,lr,window_samples,train_adv_loss,train_adv_acc,free_gradient_cosine,free_gradient_sign_agreement,free_prediction_disagreement,free_attack_loss_gain,free_boundary_fraction,free_delta_linf,control_gradient_participation_ratio,control_gradient_entropy,detector_baseline,detector_score,detector_threshold,detector_pgd10_acc,detector_seconds,observer_pgd10_acc,observer_pgd10_seconds,intervention_triggered
1,20,20,0.0010795454545454546,2560,2.881867218017578,0.0,0.015056663565337658,0.49846612066030505,0.319921875,0.5681893408298493,0.915951943397522,0.03137257695198059,0.24296179115772248,0.883648031949997,nan,nan,0.16632988750934596,nan,0.0,nan,0.0,0
1,40,40,0.002215909090909091,2560,2.632917022705078,0.00078125,0.05560824563726783,0.5090849727392197,0.359765625,0.3991423070430756,0.9132376551628113,0.03137257695198059,0.22999459281563758,0.879316708445549,nan,nan,0.16632988750934596,nan,0.0,nan,0.0,0
1,60,60,0.0033522727272727276,2560,2.374278354644775,0.03359375,0.25476701706647875,0.5581231564283371,0.233984375,0.185138501226902,0.913381090760231,0.03137257695198059,0.2011236436665058,0.8671098083257676,nan,nan,0.16632988750934596,nan,0.0,nan,0.0,0
1,80,80,0.004488636363636363,2560,2.279396152496338,0.109375,0.5481339916586876,0.6332002222537995,0.196484375,0.10989842787384987,0.9160305172204971,0.03137257695198059,0.15672141015529634,0.8357003211975098,0.05560824563726783,-0.49252574602141974,0.16632988750934596,nan,0.0,nan,0.0,0
1,100,100,0.005625,2560,2.2274965763092043,0.153125,0.7024109601974488,0.6876620143651963,0.17578125,0.10373562015593052,0.9174996912479401,0.03137257695198059,0.12937753461301327,0.8105186998844147,0.1551876313518733,-0.5472233288455755,0.16632988750934596,nan,0.0,nan,0.0,0
1,120,120,0.006761363636363636,2560,2.1881770133972167,0.160546875,0.7822323262691497,0.7240504145622253,0.214453125,0.10762017443776131,0.91581512093544,0.03137257695198059,0.1133024338632822,0.7921489745378494,0.25476701706647875,-0.527465309202671,0.16632988750934596,nan,0.0,nan,0.0,0
1,140,140,0.007897727272727272,2560,2.1877495288848876,0.170703125,0.8170577734708786,0.7486236751079559,0.1890625,0.1176743146032095,0.9175762385129929,0.03137257695198059,0.10833330824971199,0.787245124578476,0.5481339916586876,-0.268923781812191,0.16632988750934596,nan,0.0,nan,0.0,0
1,160,160,0.009034090909090908,2560,2.168926954269409,0.187109375,0.8535803884267807,0.7741170465946198,0.181640625,0.1246782723814249,0.9186350703239441,0.03137257695198059,0.09735420346260071,0.7687783151865005,0.7024109601974488,-0.151169428229332,0.16632988750934596,nan,0.0,nan,0.0,0
1,180,180,0.010170454545454547,2560,2.154153919219971,0.184375,0.8752849400043488,0.7865637600421905,0.21328125,0.13338871039450167,0.9155149072408676,0.03137257695198059,0.0860951617360115,0.7564020812511444,0.7822323262691497,-0.09305261373519902,0.16632988750934596,nan,0.0,nan,0.0,0
1,200,200,0.011306818181818182,2560,2.1632119178771974,0.18828125,0.8851363569498062,0.8009366512298584,0.170703125,0.13960345648229122,0.9173827052116394,0.03137257695198059,0.08089776039123535,0.7472313940525055,0.8170577734708786,-0.06807858347892759,0.16632988750934596,nan,0.0,nan,0.0,0
1,220,220,0.012443181818181819,2560,2.1319342136383055,0.20625,0.8893008202314376,0.8054238796234131,0.19375,0.1643489308655262,0.914306914806366,0.03137257695198059,0.07535615265369415,0.7420938223600387,0.8535803884267807,-0.035720431804656894,0.16632988750934596,nan,0.0,nan,0.0,0
1,240,240,0.013579545454545454,2560,2.118579959869385,0.20625,0.8877691984176636,0.8203183740377427,0.219921875,0.17876075580716133,0.9159520626068115,0.03137257695198059,0.07661458030343056,0.7472566455602646,0.8752849400043488,-0.012484258413314797,0.16632988750934596,nan,0.0,nan,0.0,0
1,260,260,0.014715909090909089,2560,2.102387237548828,0.221484375,0.8793314129114151,0.8161876946687698,0.191015625,0.19169538766145705,0.912339037656784,0.03137257695198059,0.07296940088272094,0.74022636115551,0.8851363569498062,0.005804944038391047,0.16632988750934596,nan,0.0,nan,0.0,0
1,280,280,0.015852272727272725,2560,2.0713080883026125,0.22578125,0.8930679887533188,0.8277947992086411,0.19140625,0.20838444530963898,0.9178449183702468,0.03137257695198059,0.07265658006072044,0.7430708140134812,0.8851363569498062,-0.00793163180351264,0.16632988750934596,nan,0.0,nan,0.0,0
1,300,300,0.016988636363636362,2560,2.0416319370269775,0.233984375,0.8883726716041564,0.8281363368034362,0.2015625,0.2159959629178047,0.9167073756456375,0.03137257695198059,0.07738553918898106,0.7574291795492172,0.8877691984176636,-0.0006034731864928977,0.16632988750934596,nan,0.0,nan,0.0,0
1,320,320,0.018125,2560,2.05079562664032,0.219140625,0.8951705724000931,0.8330736994743347,0.221484375,0.22720057591795922,0.9181298762559891,0.03137257695198059,0.07217026539146901,0.748900032043457,0.8883726716041564,-0.006797900795936673,0.16632988750934596,nan,0.0,nan,0.0,0
1,340,340,0.019261363636363635,2560,2.057162714004517,0.21640625,0.8961203306913376,0.83649383187294,0.2171875,0.22703645750880241,0.9173251032829285,0.03137257695198059,0.06770639847964048,0.7396576553583145,0.8883726716041564,-0.0077476590871811135,0.16632988750934596,nan,0.0,nan,0.0,0
1,352,352,0.019943181818181818,1480,2.0604989541543497,0.22770270278324953,0.8974793930311461,0.8325916847667179,0.19391891867727848,0.2260354519695849,0.9221873415483011,0.03137257695198059,0.06310743103558952,0.7322726952063071,0.8930679887533188,-0.004411404277827269,0.16632988750934596,nan,0.0,nan,0.0,0
2,20,372,0.021079545454545455,2560,2.031594228744507,0.24375,0.8991074502468109,0.8364216059446334,0.203125,0.22316137328743935,0.917611712217331,0.03137257695198059,0.06574401594698429,0.7353661000728607,0.8951705724000931,-0.003936877846717812,0.16632988750934596,nan,0.0,nan,0.0,0
2,40,392,0.022215909090909088,2560,2.013124942779541,0.240234375,0.8904860854148865,0.8327432215213776,0.206640625,0.2357838459312916,0.9196533381938934,0.03137257695198059,0.0667598133906722,0.7392884254455566,0.8961203306913376,0.005634245276451066,0.16632988750934596,nan,0.0,nan,0.0,0
2,60,412,0.023352272727272725,2560,2.0188878774642944,0.23203125,0.8990941941738129,0.8357862055301666,0.228125,0.2444448985159397,0.9207746088504791,0.03137257695198059,0.05804641768336296,0.7245841085910797,0.8961203306913376,-0.002973863482475303,0.16632988750934596,nan,0.0,nan,0.0,0
2,80,432,0.024488636363636365,2560,2.024459421634674,0.240234375,0.8988604068756103,0.8401713252067566,0.206640625,0.23598194122314453,0.9207273006439209,0.03137257695198059,0.06310148276388645,0.736877703666687,0.8974793930311461,-0.0013810138444642073,0.16632988750934596,nan,0.0,nan,0.0,0
2,100,452,0.025625,2560,2.0297115802764893,0.224609375,0.8989746242761611,0.8398611873388291,0.224609375,0.23287814483046532,0.9174798548221588,0.03137257695198059,0.06560531072318554,0.738524416089058,0.8988604068756103,-0.00011421740055084229,0.16632988750934596,nan,0.0,nan,0.0,0
2,120,472,0.026761363636363635,2560,1.9910196781158447,0.246875,0.8991439878940582,0.8392968714237213,0.218359375,0.24282772466540337,0.9161242336034775,0.03137257695198059,0.06162249501794577,0.7347032129764557,0.8989746242761611,-0.0001693636178971003,0.16632988750934596,nan,0.0,nan,0.0,0
2,140,492,0.027897727272727272,2560,2.0004830598831176,0.24296875,0.9066403031349182,0.8428353816270828,0.213671875,0.248440919816494,0.919259536266327,0.03137257695198059,0.061013192124664786,0.7278846621513366,0.8989746242761611,-0.007665678858757019,0.16632988750934596,nan,0.0,nan,0.0,0
2,160,512,0.02903409090909091,2560,2.012715244293213,0.244921875,0.9057125806808471,0.848534283041954,0.215625,0.2510763555765152,0.9198249995708465,0.03137257695198059,0.06187876425683499,0.7363065093755722,0.8990941941738129,-0.0066183865070342796,0.16632988750934596,nan,0.0,nan,0.0,0
2,180,532,0.030170454545454545,2560,1.98805011510849,0.24296875,0.9041615664958954,0.8450034022331238,0.19296875,0.24265747144818306,0.9170768976211547,0.03137257695198059,0.05871458332985639,0.7289752960205078,0.8991439878940582,-0.005017578601837158,0.16632988750934596,nan,0.0,nan,0.0,0
2,200,552,0.03130681818181818,2560,1.9873164653778077,0.24140625,0.9032426208257676,0.8467623502016067,0.2171875,0.25321722105145456,0.9208554804325104,0.03137257695198059,0.06128114070743322,0.7318957537412644,0.9041615664958954,0.0009189456701278464,0.16632988750934596,nan,0.0,nan,0.0,0
2,220,572,0.032443181818181815,2560,1.9936579465866089,0.24453125,0.9078748136758804,0.8495576441287994,0.19765625,0.25259683430194857,0.9190782159566879,0.03137257695198059,0.056873307563364506,0.7254967868328095,0.9041615664958954,-0.003713247179985002,0.16632988750934596,nan,0.0,nan,0.0,0
2,240,592,0.03357954545454545,2560,1.98785343170166,0.244140625,0.9036136478185653,0.8457888543605805,0.225390625,0.2567674495279789,0.9209392726421356,0.03137257695198059,0.05856128167361021,0.7279535353183746,0.9057125806808471,0.0020989328622817993,0.16632988750934596,nan,0.0,nan,0.0,0
2,260,612,0.03471590909090909,2560,1.9900481224060058,0.263671875,0.8973076611757278,0.8461011409759521,0.21484375,0.2704911008477211,0.9222212702035903,0.03137257695198059,0.0643446646630764,0.741621682047844,0.9041615664958954,0.006853905320167608,0.16632988750934596,nan,0.0,nan,0.0,0
2,280,632,0.035852272727272726,2560,1.9428332805633546,0.26875,0.9013319343328476,0.8469431787729264,0.205859375,0.2668878696858883,0.9175607204437256,0.03137257695198059,0.060891949385404584,0.7354794055223465,0.9036136478185653,0.002281713485717707,0.16632988750934596,nan,0.0,nan,0.0,0
2,300,652,0.03698863636363636,2560,1.9434184432029724,0.276171875,0.9042765617370605,0.8489607721567154,0.2265625,0.27928074151277543,0.9167855829000473,0.03137257695198059,0.056611018627882,0.7247318387031555,0.9032426208257676,-0.001033940911292941,0.16632988750934596,nan,0.0,nan,0.0,0
2,320,672,0.038125,2560,1.9902363300323487,0.252734375,0.9038246244192123,0.8498062372207642,0.18671875,0.2635388933122158,0.9212075680494308,0.03137257695198059,0.05739957746118307,0.7286723405122757,0.9036136478185653,-0.00021097660064695045,0.16632988750934596,nan,0.0,nan,0.0,0
2,340,692,0.03926136363636363,2560,1.9424382448196411,0.248046875,0.9005193829536438,0.8471433222293854,0.223828125,0.26526034325361253,0.9168130397796631,0.03137257695198059,0.056465286016464236,0.7278196573257446,0.9036136478185653,0.003094264864921592,0.16632988750934596,nan,0.0,nan,0.0,0
2,352,704,0.039943181818181815,1480,1.9513463626036773,0.26013513489349466,0.9020627553398545,0.8476764965701747,0.21959459491678188,0.2803899637750677,0.9209541027610366,0.03137257695198059,0.05849745269562747,0.7309570492924871,0.9013319343328476,-0.0007308210070068322,0.16632988750934596,nan,0.0,nan,0.0,0
