epoch,attack_mode,train_adv_loss,train_adv_acc,free_gradient_cosine,free_gradient_sign_agreement,free_prediction_disagreement,free_attack_loss_gain,free_boundary_fraction,free_delta_linf,control_gradient_participation_ratio,control_gradient_entropy,epoch_seconds,lr_start,lr_end,batches_processed,epoch_completed,val_clean_acc,val_pgd10_acc,intervention_triggered,trigger_epoch,trigger_global_step,rolled_back_to_global_step,abandoned_fgsm_batches,abandoned_fgsm_seconds,total_training_seconds,clean_eval_seconds,pgd_monitor_seconds,pgd_monitor_used_for_trigger
1,fgsm_zero,2.2199865112304686,0.16206666666931577,0.71323061659601,0.7378260603692797,0.2163777777698305,0.20099802379873064,0.9162962366845873,0.03137257695198059,0.11363582524524794,0.7833645011266073,33.11895659999573,0.0,0.019943181818181818,352,1,0.3466,0.2296875,0,,,,0,0.0,33.11895659999573,8.551087299987557,11.968081200000597,0
2,fgsm_zero,1.99201965675354,0.2473777777698305,0.9014429853333368,0.8437634820832146,0.21246666667726305,0.2518695012463464,0.9191207949002583,0.03137257695198059,0.060799040920204585,0.7320897978888617,32.56473470000492,0.02,0.039943181818181815,352,1,0.3852,0.2390625,0,,,,0,0.0,32.56473470000492,8.84072589999414,11.563429699992412,0
3,fgsm_zero,1.9132650370279949,0.2720666666613685,0.8981539368947347,0.8480208803706699,0.22695555556880104,0.2950161418279012,0.9179626145786709,0.03137257694602013,0.054746541533867515,0.7260686851501464,32.72302960000525,0.04,0.05994318181818181,352,1,0.4548,0.28046875,0,,,,0,0.0,32.72302960000525,8.413011099997675,12.312765099995886,0
4,fgsm_zero,1.832537188021342,0.3033555555820465,0.8843656942049662,0.8409321304851108,0.24715555555025737,0.33004192712571884,0.9171524505827162,0.03137257695198059,0.05319045773744583,0.726767347515954,32.82760770000459,0.06,0.07994318181818182,352,1,0.5032,0.29765625,0,,,,0,0.0,32.82760770000459,8.910739999992074,11.545506499998737,0
5,fgsm_zero,1.7605519385443793,0.3272000000026491,0.8689489791446262,0.8313405283080207,0.2642222222328186,0.36246339785787796,0.9150407316843668,0.03137257695198059,0.051681132944424946,0.7267597626474168,32.49241500000062,0.08,0.0999431818181818,352,1,0.4944,0.31015625,0,,,,0,0.0,32.49241500000062,8.620721400002367,11.776397699999507,0
6,fgsm_zero,1.7080728044721816,0.35026666668785944,0.8564551033973694,0.8258210198614332,0.27095555555025735,0.3773520770814684,0.9129536357455783,0.03137257695198059,0.05053933751781781,0.7258477727360195,32.36204340000404,0.09999999999999999,0.11994318181818181,352,1,0.5692,0.33046875,0,,,,0,0.0,32.36204340000404,9.610222799994517,11.853634799990687,0
7,fgsm_zero,1.6716293450249566,0.3598000000211928,0.8412502098931207,0.8166867164399889,0.2776,0.38854207078615827,0.9107058785650465,0.03137257695198059,0.04666379400160577,0.7178098676575555,32.74953240000468,0.12,0.13994318181818183,352,1,0.559,0.334375,0,,,,0,0.0,32.74953240000468,8.544080799998483,11.82925750000868,0
8,fgsm_zero,1.6415458472781712,0.3741999999841054,0.8295029799143473,0.8114912595325046,0.28208888887829253,0.4017676467789544,0.9090177661789788,0.03137257695198059,0.044293070741494495,0.7129487400160895,32.554669499993906,0.13999999999999999,0.15994318181818182,352,1,0.5372,0.33515625,0,,,,0,0.0,32.554669499993906,8.763207700001658,12.03999949998979,0
9,fgsm_zero,1.626791207546658,0.37986666668256125,0.8168590626716614,0.8073958819707234,0.28495555557674834,0.4069984718163808,0.9084366668277316,0.03137257695198059,0.04232087116705047,0.7093034887207879,32.370992500000284,0.16,0.17994318181818184,352,1,0.6122,0.3375,0,,,,0,0.0,32.370992500000284,9.186472800007323,11.63404379998974,0
10,fgsm_zero,1.615085763867696,0.38384444445504085,0.8071469453175862,0.8030146610048082,0.2872000000026491,0.41128406551678975,0.9072198194609749,0.03137257695198059,0.04113797971937391,0.7060172180705601,32.61632990000362,0.18,0.19994318181818183,352,1,0.5772,0.3296875,0,,,,0,0.0,32.61632990000362,8.549906899992493,11.443371000001207,0
11,fgsm_zero,1.6189467708587646,0.38195555556085375,0.8029011077562968,0.8011652686542935,0.29135555556615195,0.41322879572444493,0.9065111806551616,0.03137257695198059,0.041283692110909355,0.7068177566210428,32.09942030000093,0.19999999999999998,0.21994318181818182,352,1,0.573,0.3515625,0,,,,0,0.0,32.09942030000093,8.543161900000996,11.450318300005165,0
12,fgsm_zero,1.619867168490092,0.38075555557674834,0.7999254355854458,0.799370699818929,0.2912888888782925,0.41378899036513433,0.9075049030833774,0.03137257695198059,0.04074685452315543,0.7060154758559333,32.46486670000013,0.21999999999999997,0.2399431818181818,352,1,0.5986,0.33046875,0,,,,0,0.0,32.46486670000013,8.63691000000108,11.40248679999786,0
13,fgsm_zero,1.6198579407162137,0.38293333332273694,0.7966350968678793,0.79752083952162,0.2879111111270057,0.41612507553100586,0.9053681695302328,0.03137257695198059,0.040244616087940006,0.7046442548645867,32.01510259999486,0.24,0.2599431818181818,352,1,0.5734,0.3390625,0,,,,0,0.0,32.01510259999486,8.433938800008036,11.769326000008732,0
14,fgsm_zero,1.6200652176962957,0.3825111111005147,0.7937050665855407,0.7964402402453953,0.2898666666560703,0.41682466583251954,0.9052774000379774,0.03137257695198059,0.04021759570704566,0.7047097599135504,32.39310490000935,0.26,0.2799431818181818,352,1,0.5738,0.33125,0,,,,0,0.0,32.39310490000935,9.022440899992944,12.33760070000426,0
15,fgsm_zero,1.6266942377726237,0.3805555555502574,0.7938558195008172,0.7953770890977647,0.2874666666507721,0.41455846214294434,0.904216036690606,0.03137257695198059,0.039796100379361043,0.7034625046200222,33.84047769999597,0.27999999999999997,0.2999431818181818,352,1,0.6138,0.35546875,0,,,,0,0.0,33.84047769999597,10.151004200000898,12.64638069999637,0
16,fgsm_zero,1.6231112478468153,0.3818222222328186,0.7950925054338244,0.7962598160849678,0.2861777777671814,0.4170559911674923,0.9049741089926826,0.03137257694602013,0.03971318682365947,0.7025953505092197,33.61196049999853,0.3,0.2800568181818182,352,1,0.5872,0.3734375,0,,,,0,0.0,33.61196049999853,8.185739200009266,11.955207500010147,0
17,fgsm_zero,1.6069734741210937,0.38557777778307595,0.788308857038286,0.7911616147465176,0.290022222243415,0.42253970265918306,0.9052559583769905,0.03137257695198059,0.03931206987102826,0.7020180510203043,32.40258699998958,0.27999999999999997,0.2600568181818182,352,1,0.6426,0.38359375,0,,,,0,0.0,32.40258699998958,8.525311999997939,12.093315099991742,0
18,fgsm_zero,1.581830698055691,0.3944222222328186,0.7739091573079427,0.7835362603187561,0.2936222222328186,0.4256680639690823,0.9047794230884976,0.03137257695198059,0.03870724856058756,0.7011883616659377,32.44805559999077,0.26,0.2400568181818182,352,1,0.6198,0.35546875,0,,,,0,0.0,32.44805559999077,8.397225199994864,11.639628899996751,0
19,fgsm_zero,1.555132631831699,0.41002222220632767,0.694983574740092,0.763867344379425,0.2796222222381168,0.4115869399600559,0.9099024874581231,0.03137257695198059,0.05091996708313624,0.7232868748982747,32.55573770000774,0.24,0.22005681818181821,352,1,0.59,0.384375,0,,,,0,0.0,32.55573770000774,8.662780699989526,11.383102000007057,0
20,fgsm_zero,1.5565324645784167,0.4026444444656372,0.7810710429297553,0.7886833462715149,0.2960888889153798,0.4375130854394701,0.9078635394414266,0.03137257695198059,0.04789418696098857,0.7213860207769606,32.580940500003635,0.22,0.20005681818181814,352,1,0.6708,0.3984375,0,,,,0,0.0,32.580940500003635,8.592726200004108,12.189711600003648,0
21,pgd2,1.426966858927409,0.4583111111111111,nan,nan,nan,nan,nan,nan,nan,nan,43.67051129999163,0.2,0.18005681818181815,nan,nan,0.6836,0.37421875,1,21,7040,7040,0,0.0,43.67051129999163,9.305761099996744,12.452084899996407,0
22,pgd2,1.3878285799238417,0.47371111111111114,nan,nan,nan,nan,nan,nan,nan,nan,44.60176659999706,0.18000000000000002,0.16005681818181816,nan,nan,0.7066,0.371875,0,21,7040,,0,0.0,44.60176659999706,8.213169700000435,11.355341599992244,0
23,pgd2,1.3502067152023316,0.48662222222222223,nan,nan,nan,nan,nan,nan,nan,nan,43.38236920000054,0.16000000000000003,0.14005681818181817,nan,nan,0.6984,0.35703125,0,21,7040,,0,0.0,43.38236920000054,8.569650100005674,11.394386399988434,0
24,pgd2,1.3117002971861098,0.4993111111111111,nan,nan,nan,nan,nan,nan,nan,nan,43.350283400010085,0.13999999999999996,0.12005681818181817,nan,nan,0.7144,0.38203125,0,21,7040,,0,0.0,43.350283400010085,8.514005299992277,11.523800800001482,0
25,pgd2,1.281398742696974,0.5109555555555556,nan,nan,nan,nan,nan,nan,nan,nan,43.43787759999395,0.11999999999999997,0.10005681818181818,nan,nan,0.7394,0.396875,0,21,7040,,0,0.0,43.43787759999395,8.65595860000758,12.206249599999865,0
26,pgd2,1.2350516205469768,0.5292444444444444,nan,nan,nan,nan,nan,nan,nan,nan,43.12008059999789,0.09999999999999998,0.08005681818181817,nan,nan,0.7392,0.375,0,21,7040,,0,0.0,43.12008059999789,8.553110200009542,11.795587000000523,0
27,pgd2,1.1859123693466187,0.5431555555555555,nan,nan,nan,nan,nan,nan,nan,nan,43.57745419999992,0.07999999999999997,0.06005681818181818,nan,nan,0.7684,0.434375,0,21,7040,,0,0.0,43.57745419999992,9.147141200010083,11.784819900000002,0
28,pgd2,1.123660255071852,0.5672888888888888,nan,nan,nan,nan,nan,nan,nan,nan,43.65992270001152,0.059999999999999984,0.040056818181818186,nan,nan,0.7886,0.43671875,0,21,7040,,0,0.0,43.65992270001152,9.149465299997246,11.58312239999941,0
29,pgd2,1.0534682017856174,0.5920222222222222,nan,nan,nan,nan,nan,nan,nan,nan,43.25301909999689,0.03999999999999999,0.020056818181818193,nan,nan,0.8062,0.43203125,0,21,7040,,0,0.0,43.25301909999689,8.487727400002768,11.603808600004413,0
30,pgd2,0.9560222192128499,0.6277333333333334,nan,nan,nan,nan,nan,nan,nan,nan,43.15106580000429,0.019999999999999993,5.681818181819675e-05,nan,nan,0.8222,0.4640625,0,21,7040,,0,0.0,43.15106580000429,8.334497899995768,11.253730900003575,0
